{
  "movies": [
     "ID": 260,
     "Community": 4.437363167,
     "Me": 4.40211305
  ]
}
